{
    "splines": [
        {
            "controlPoints": [
                {
                    "position": {
                        "x": -161.271728515625,
                        "y": -205.38433837890625,
                        "z": -36.81767272949219
                    },
                    "handleL": {
                        "x": -149.9129638671875,
                        "y": -205.38433837890625,
                        "z": -36.81767272949219
                    },
                    "handleR": {
                        "x": -172.6304931640625,
                        "y": -205.38433837890625,
                        "z": -36.81767272949219
                    },
                    "tilt": 0.0
                },
                {
                    "position": {
                        "x": -478.56170654296875,
                        "y": -205.3843994140625,
                        "z": -36.81767272949219
                    },
                    "handleL": {
                        "x": -472.37701416015625,
                        "y": -205.3843994140625,
                        "z": -36.81767272949219
                    },
                    "handleR": {
                        "x": -484.74639892578125,
                        "y": -205.3843994140625,
                        "z": -36.81767272949219
                    },
                    "tilt": -6.2831854820251465
                },
                {
                    "position": {
                        "x": -511.8192138671875,
                        "y": -205.38433837890625,
                        "z": -36.81767272949219
                    },
                    "handleL": {
                        "x": -509.70941162109375,
                        "y": -205.38433837890625,
                        "z": -36.81767272949219
                    },
                    "handleR": {
                        "x": -513.9290161132812,
                        "y": -205.38433837890625,
                        "z": -36.81767272949219
                    },
                    "tilt": 0.0
                },
                {
                    "position": {
                        "x": -842.4332275390625,
                        "y": -205.3843994140625,
                        "z": -36.81767272949219
                    },
                    "handleL": {
                        "x": -831.0744018554688,
                        "y": -205.3843994140625,
                        "z": -36.81767272949219
                    },
                    "handleR": {
                        "x": -853.7919921875,
                        "y": -205.3843994140625,
                        "z": -36.81767272949219
                    },
                    "tilt": -6.2831854820251465
                }
            ],
            "closed": false
        }
    ]
}