{
    "splines": [
        {
            "controlPoints": [
                {
                    "position": {
                        "x": -161.271728515625,
                        "y": -205.38433837890625,
                        "z": -82.25276184082031
                    },
                    "handleL": {
                        "x": -149.9129638671875,
                        "y": -205.38433837890625,
                        "z": -82.25276184082031
                    },
                    "handleR": {
                        "x": -172.6304931640625,
                        "y": -205.38433837890625,
                        "z": -82.25276184082031
                    },
                    "tilt": 0.0
                },
                {
                    "position": {
                        "x": -218.0655517578125,
                        "y": -205.38433837890625,
                        "z": -80.08808898925781
                    },
                    "handleL": {
                        "x": -206.72779846191406,
                        "y": -205.43185424804688,
                        "z": -80.777099609375
                    },
                    "handleR": {
                        "x": -229.40330505371094,
                        "y": -205.33682250976562,
                        "z": -79.39907836914062
                    },
                    "tilt": 0.0
                },
                {
                    "position": {
                        "x": -272.4326477050781,
                        "y": -168.89222717285156,
                        "z": -47.74742126464844
                    },
                    "handleL": {
                        "x": -255.70062255859375,
                        "y": -171.26966857910156,
                        "z": -67.67339324951172
                    },
                    "handleR": {
                        "x": -292.2577819824219,
                        "y": -166.07528686523438,
                        "z": -24.137901306152344
                    },
                    "tilt": -1.5707963705062866
                },
                {
                    "position": {
                        "x": -330.9513854980469,
                        "y": -207.9647979736328,
                        "z": 1.5648236274719238
                    },
                    "handleL": {
                        "x": -305.90447998046875,
                        "y": -183.213623046875,
                        "z": 3.9557836055755615
                    },
                    "handleR": {
                        "x": -355.9127502441406,
                        "y": -232.63145446777344,
                        "z": -0.8179712295532227
                    },
                    "tilt": -3.1415927410125732
                },
                {
                    "position": {
                        "x": -387.8740539550781,
                        "y": -241.46580505371094,
                        "z": -48.1761360168457
                    },
                    "handleL": {
                        "x": -370.75830078125,
                        "y": -244.4474639892578,
                        "z": -31.060400009155273
                    },
                    "handleR": {
                        "x": -405.1191711425781,
                        "y": -238.46160888671875,
                        "z": -65.4212417602539
                    },
                    "tilt": -4.71238899230957
                },
                {
                    "position": {
                        "x": -445.24102783203125,
                        "y": -205.3843994140625,
                        "z": -79.63387298583984
                    },
                    "handleL": {
                        "x": -433.88226318359375,
                        "y": -205.3843994140625,
                        "z": -79.63387298583984
                    },
                    "handleR": {
                        "x": -456.59979248046875,
                        "y": -205.3843994140625,
                        "z": -79.63387298583984
                    },
                    "tilt": -6.2831854820251465
                },
                {
                    "position": {
                        "x": -486.5435791015625,
                        "y": -205.3843994140625,
                        "z": -82.25276184082031
                    },
                    "handleL": {
                        "x": -482.41656494140625,
                        "y": -205.3843994140625,
                        "z": -82.25276184082031
                    },
                    "handleR": {
                        "x": -490.67059326171875,
                        "y": -205.3843994140625,
                        "z": -82.25276184082031
                    },
                    "tilt": -6.2831854820251465
                },
                {
                    "position": {
                        "x": -498.6347351074219,
                        "y": -205.38433837890625,
                        "z": -82.25276184082031
                    },
                    "handleL": {
                        "x": -487.2759704589844,
                        "y": -205.38433837890625,
                        "z": -82.25276184082031
                    },
                    "handleR": {
                        "x": -509.9934997558594,
                        "y": -205.38433837890625,
                        "z": -82.25276184082031
                    },
                    "tilt": 0.0
                },
                {
                    "position": {
                        "x": -502.1913757324219,
                        "y": -205.38433837890625,
                        "z": -82.25276184082031
                    },
                    "handleL": {
                        "x": -490.8326110839844,
                        "y": -205.38433837890625,
                        "z": -82.25276184082031
                    },
                    "handleR": {
                        "x": -513.5501708984375,
                        "y": -205.38433837890625,
                        "z": -82.25276184082031
                    },
                    "tilt": 0.0
                },
                {
                    "position": {
                        "x": -558.9852294921875,
                        "y": -205.38433837890625,
                        "z": -80.08808898925781
                    },
                    "handleL": {
                        "x": -547.6474609375,
                        "y": -205.43185424804688,
                        "z": -80.777099609375
                    },
                    "handleR": {
                        "x": -570.322998046875,
                        "y": -205.33682250976562,
                        "z": -79.39907836914062
                    },
                    "tilt": 0.0
                },
                {
                    "position": {
                        "x": -613.352294921875,
                        "y": -168.89222717285156,
                        "z": -47.74742126464844
                    },
                    "handleL": {
                        "x": -596.6203002929688,
                        "y": -171.26966857910156,
                        "z": -67.67339324951172
                    },
                    "handleR": {
                        "x": -633.1774291992188,
                        "y": -166.07528686523438,
                        "z": -24.13785743713379
                    },
                    "tilt": -1.5707963705062866
                },
                {
                    "position": {
                        "x": -671.87109375,
                        "y": -207.9647979736328,
                        "z": 1.5648236274719238
                    },
                    "handleL": {
                        "x": -646.8241577148438,
                        "y": -183.213623046875,