{
    "splines": [
        {
            "controlPoints": [
                {
                    "position": {
                        "x": 503.0221252441406,
                        "y": -337.900634765625,
                        "z": 14.153724670410156
                    },
                    "handleL": {
                        "x": 479.5373229980469,
                        "y": -317.4931640625,
                        "z": 14.153724670410156
                    },
                    "handleR": {
                        "x": 526.5069580078125,
                        "y": -358.30810546875,
                        "z": 14.153724670410156
                    },
                    "tilt": 0.0
                },
                {
                    "position": {
                        "x": 520.29931640625,
                        "y": -479.1910400390625,
                        "z": 14.153724670410156
                    },
                    "handleL": {
                        "x": 539.5449829101562,
                        "y": -411.2819519042969,
                        "z": 14.153724670410156
                    },
                    "handleR": {
                        "x": 501.0535888671875,
                        "y": -547.10009765625,
                        "z": 14.153724670410156
                    },
                    "tilt": 0.0
                },
                {
                    "position": {
                        "x": 405.0733642578125,
                        "y": -611.165771484375,
                        "z": 14.153724670410156
                    },
                    "handleL": {
                        "x": 448.7318115234375,
                        "y": -605.6939697265625,
                        "z": 14.153724670410156
                    },
                    "handleR": {
                        "x": 361.4149475097656,
                        "y": -616.6375122070312,
                        "z": 14.153724670410156
                    },
                    "tilt": 0.0
                },
                {
                    "position": {
                        "x": 298.78955078125,
                        "y": -611.165771484375,
                        "z": 90.40018463134766
                    },
                    "handleL": {
                        "x": 342.447998046875,
                        "y": -605.6939697265625,
                        "z": 90.40018463134766
                    },
                    "handleR": {
                        "x": 255.13111877441406,
                        "y": -616.6375122070312,
                        "z": 90.40018463134766
                    },
                    "tilt": 0.0
                },
                {
                    "position": {
                        "x": 298.78955078125,
                        "y": -641.4268188476562,
                        "z": 6.130352020263672
                    },
                    "handleL": {
                        "x": 255.80926513671875,
                        "y": -632.009033203125,
                        "z": 6.130352020263672
                    },
                    "handleR": {
                        "x": 341.76983642578125,
                        "y": -650.8446044921875,
                        "z": 6.130352020263672
                    },
                    "tilt": 0.0
                },
                {
                    "position": {
                        "x": 298.78955078125,
                        "y": -672.6839599609375,
                        "z": 90.85882568359375
                    },
                    "handleL": {
                        "x": 342.60821533203125,
                        "y": -668.6932373046875,
                        "z": 90.85882568359375
                    },
                    "handleR": {
                        "x": 254.97091674804688,
                        "y": -676.6746826171875,
                        "z": 90.85882568359375
                    },
                    "tilt": 0.0
                },
                {
                    "position": {
                        "x": 169.2349853515625,
                        "y": -672.6839599609375,
                        "z": 8.303768157958984
                    },
                    "handleL": {
                        "x": 213.05361938476562,
                        "y": -668.6932373046875,
                        "z": 8.303768157958984
                    },
                    "handleR": {
                        "x": 125.41635131835938,
                        "y": -676.6746826171875,
                        "z": 8.303768157958984
                    },
                    "tilt": 0.0
                },
                {
                    "position": {
                        "x": 53.550384521484375,
                        "y": -718.0037841796875,
                        "z": 8.303768157958984
                    },
                    "handleL": {
                        "x": 79.7149658203125,
                        "y": -682.6284790039062,
                        "z": 8.303768157958984
                    },
                    "handleR": {
                        "x": 27.38580322265625,
                        "y": -753.3790893554688,
                        "z": 8.303768157958984
                    },
                    "tilt": 0.0
                },
                {
                    "position": {
                        "x": 8.207305908203125,
                        "y": -783.3731689453125,
                        "z": 8.303768157958984
                    },
                    "handleL": {
                        "x": 31.315673828125,
                        "y": -745.9298095703125,
                        "z": 8.303768157958984
                    },
                    "handleR": {
                        "x": -14.90106201171875,
                        "y": -820.8165283203125,
                        "z": 8.303768157958984
                    },
                    "tilt": 0.0
                }
            ],
            "closed": false
        }
    ]
}